{
  "total_predictions": 2508,
  "total_truth": 3,
  "overlap_count": 3,
  "overlap_ratio_predictions": 0.0011961722488038277,
  "overlap_ratio_truth": 1.0,
  "total": 3,
  "mean_iou": 0.5146477538316699,
  "mean_area_delta": 0.0613717802440876,
  "corrected_ratio": 0.3333333333333333,
  "overlap_corrected_ratio": 0.3333333333333333,
  "flagged_ratio": 0.6666666666666667,
  "corrected_mean_iou": 0.763338438981644,
  "baseline_mean_iou": 0.43011681889561953,
  "prediction_mean_iou": 0.5146477538316699,
  "mean_iou_delta": 0.0845309349360504,
  "corrected_mean_delta": 0.2535928048081514,
  "flagged_mean_delta": 0.0,
  "improved_count": 1,
  "worsened_count": 0,
  "unchanged_count": 2,
  "per_plot": [
    {
      "plot_number": "1177",
      "status": "flagged",
      "confidence": 0.35,
      "baseline_iou": 0.6747438948897777,
      "prediction_iou": 0.6747438948897777,
      "iou_delta": 0.0
    },
    {
      "plot_number": "1763",
      "status": "flagged",
      "confidence": 0.35,
      "baseline_iou": 0.10586092762358824,
      "prediction_iou": 0.10586092762358824,
      "iou_delta": 0.0
    },
    {
      "plot_number": "1966",
      "status": "corrected",
      "confidence": 0.5181119875868117,
      "baseline_iou": 0.5097456341734926,
      "prediction_iou": 0.763338438981644,
      "iou_delta": 0.2535928048081514
    }
  ]
}